{
  "community_detection": {
    "T_d": 19,
    "community_sizes": {
      "0": 1,
      "1": 1,
      "2": 9,
      "3": 2,
      "4": 1,
      "5": 1,
      "14": 6,
      "7": 1,
      "8": 1,
      "9": 3,
      "10": 3,
      "11": 1,
      "12": 1,
      "13": 1,
      "15": 1,
      "16": 1,
      "17": 1,
      "18": 1,
      "6": 1
    },
    "non_noise_sizes": {
      "0": 1,
      "1": 1,
      "2": 9,
      "3": 2,
      "4": 1,
      "5": 1,
      "14": 6,
      "7": 1,
      "8": 1,
      "9": 3,
      "10": 3,
      "11": 1,
      "12": 1,
      "13": 1,
      "15": 1,
      "16": 1,
      "17": 1,
      "18": 1,
      "6": 1
    },
    "H_in_comm": 0.8729274233995306,
    "num_nodes": 37,
    "num_edges": 41
  },
  "hdbscan": {
    "T_topics": 5,
    "cluster_sizes": {
      "0": 11,
      "-1": 8,
      "3": 10,
      "4": 2,
      "2": 3,
      "1": 3
    },
    "non_noise_sizes": {
      "0": 11,
      "3": 10,
      "4": 2,
      "2": 3,
      "1": 3
    },
    "H_in_hdb": 0.8628180862277965,
    "outlier_fraction": 0.21621621621621623,
    "noise_count": 8,
    "num_items": 37
  },
  "entropy_difference": 0.010109337171734012,
  "cluster_count_difference": 14
}