{
  "community_detection": {
    "T_d": 38,
    "community_sizes": {
      "1": 3,
      "2": 1,
      "3": 1,
      "4": 1,
      "5": 1,
      "6": 1,
      "7": 1,
      "8": 2,
      "9": 1,
      "10": 2,
      "11": 1,
      "13": 1,
      "14": 1,
      "15": 1,
      "16": 1,
      "17": 1,
      "18": 1,
      "19": 1,
      "20": 2,
      "22": 1,
      "23": 1,
      "24": 1,
      "25": 1,
      "26": 1,
      "27": 1,
      "28": 1,
      "29": 1,
      "30": 1,
      "31": 1,
      "32": 2,
      "33": 1,
      "35": 1,
      "36": 1,
      "37": 1,
      "12": 1,
      "21": 1,
      "0": 1,
      "34": 1
    },
    "non_noise_sizes": {
      "1": 3,
      "2": 1,
      "3": 1,
      "4": 1,
      "5": 1,
      "6": 1,
      "7": 1,
      "8": 2,
      "9": 1,
      "10": 2,
      "11": 1,
      "13": 1,
      "14": 1,
      "15": 1,
      "16": 1,
      "17": 1,
      "18": 1,
      "19": 1,
      "20": 2,
      "22": 1,
      "23": 1,
      "24": 1,
      "25": 1,
      "26": 1,
      "27": 1,
      "28": 1,
      "29": 1,
      "30": 1,
      "31": 1,
      "32": 2,
      "33": 1,
      "35": 1,
      "36": 1,
      "37": 1,
      "12": 1,
      "21": 1,
      "0": 1,
      "34": 1
    },
    "H_in_comm": 0.9850646371404996,
    "num_nodes": 44,
    "num_edges": 6
  },
  "hdbscan": {
    "T_topics": 10,
    "cluster_sizes": {
      "8": 4,
      "3": 4,
      "9": 2,
      "-1": 16,
      "1": 3,
      "5": 3,
      "4": 2,
      "0": 2,
      "7": 2,
      "2": 2,
      "6": 4
    },
    "non_noise_sizes": {
      "8": 4,
      "3": 4,
      "9": 2,
      "1": 3,
      "5": 3,
      "4": 2,
      "0": 2,
      "7": 2,
      "2": 2,
      "6": 4
    },
    "H_in_hdb": 0.9793813391674573,
    "outlier_fraction": 0.36363636363636365,
    "noise_count": 16,
    "num_items": 44
  },
  "entropy_difference": 0.005683297973042345,
  "cluster_count_difference": 28
}