{
  "community_detection": {
    "T_d": 15,
    "community_sizes": {
      "6": 4,
      "1": 1,
      "2": 1,
      "3": 1,
      "4": 2,
      "5": 1,
      "7": 1,
      "8": 1,
      "9": 1,
      "10": 1,
      "11": 1,
      "12": 2,
      "13": 1,
      "14": 1,
      "0": 1
    },
    "non_noise_sizes": {
      "6": 4,
      "1": 1,
      "2": 1,
      "3": 1,
      "4": 2,
      "5": 1,
      "7": 1,
      "8": 1,
      "9": 1,
      "10": 1,
      "11": 1,
      "12": 2,
      "13": 1,
      "14": 1,
      "0": 1
    },
    "H_in_comm": 0.9526573636515288,
    "num_nodes": 20,
    "num_edges": 5
  },
  "hdbscan": {
    "T_topics": 5,
    "cluster_sizes": {
      "1": 6,
      "0": 2,
      "4": 5,
      "-1": 3,
      "2": 2,
      "3": 2
    },
    "non_noise_sizes": {
      "1": 6,
      "0": 2,
      "4": 5,
      "2": 2,
      "3": 2
    },
    "H_in_hdb": 0.9213299651463157,
    "outlier_fraction": 0.15,
    "noise_count": 3,
    "num_items": 20
  },
  "entropy_difference": 0.031327398505213044,
  "cluster_count_difference": 10
}