{
  "community_detection": {
    "T_d": 22,
    "community_sizes": {
      "0": 1,
      "1": 1,
      "2": 1,
      "3": 1,
      "4": 1,
      "7": 4,
      "6": 1,
      "8": 1,
      "10": 1,
      "11": 1,
      "12": 1,
      "14": 1,
      "15": 1,
      "16": 1,
      "17": 1,
      "18": 1,
      "19": 1,
      "20": 1,
      "21": 2,
      "5": 1,
      "9": 1,
      "13": 1
    },
    "non_noise_sizes": {
      "0": 1,
      "1": 1,
      "2": 1,
      "3": 1,
      "4": 1,
      "7": 4,
      "6": 1,
      "8": 1,
      "10": 1,
      "11": 1,
      "12": 1,
      "14": 1,
      "15": 1,
      "16": 1,
      "17": 1,
      "18": 1,
      "19": 1,
      "20": 1,
      "21": 2,
      "5": 1,
      "9": 1,
      "13": 1
    },
    "H_in_comm": 0.9677969532010736,
    "num_nodes": 26,
    "num_edges": 6
  },
  "hdbscan": {
    "T_topics": 4,
    "cluster_sizes": {
      "2": 9,
      "-1": 6,
      "0": 6,
      "3": 3,
      "1": 2
    },
    "non_noise_sizes": {
      "2": 9,
      "0": 6,
      "3": 3,
      "1": 2
    },
    "H_in_hdb": 0.8911143594569007,
    "outlier_fraction": 0.23076923076923078,
    "noise_count": 6,
    "num_items": 26
  },
  "entropy_difference": 0.07668259374417297,
  "cluster_count_difference": 18
}